{"cameraMode":{"drawMode":0,"name":"Shaded","section":"Shading Mode"},"sceneLighting":false,"audioPlay":false,"sceneViewState":{"m_AlwaysRefresh":false,"showFog":true,"showSkybox":false,"showFlares":true,"showImageEffects":true,"showParticleSystems":true,"showVisualEffectGraphs":true,"m_FxEnabled":true},"in2DMode":false,"pivot":{"x":-159.67628479003907,"y":-146.7675018310547,"z":143.57977294921876},"rotation":{"x":0.28331395983695986,"y":-0.42515045404434206,"z":0.14207342267036439,"w":0.8478257060050964},"size":159.47000122070313,"orthographic":false}